16:55:23;http://localhost/plugins/flightcms-plugin-affiliate;/;'127.0.0.1;Mozilla/5.0 (Windows NT 10.0  Win64  x64  rv:122.0) Gecko/20100101 Firefox/122.0
16:55:26;http://localhost/;/dokumentation;'127.0.0.1;Mozilla/5.0 (Windows NT 10.0  Win64  x64  rv:122.0) Gecko/20100101 Firefox/122.0
16:55:28;http://localhost/dokumentation;/dokumentation/flightcms-download-installation-setup;'127.0.0.1;Mozilla/5.0 (Windows NT 10.0  Win64  x64  rv:122.0) Gecko/20100101 Firefox/122.0
16:55:30;http://localhost/dokumentation/flightcms-download-installation-setup;/;'127.0.0.1;Mozilla/5.0 (Windows NT 10.0  Win64  x64  rv:122.0) Gecko/20100101 Firefox/122.0
16:56:37;http://localhost/;/dokumentation;'127.0.0.1;Mozilla/5.0 (Windows NT 10.0  Win64  x64  rv:122.0) Gecko/20100101 Firefox/122.0
16:56:43;http://localhost/dokumentation;/;'127.0.0.1;Mozilla/5.0 (Windows NT 10.0  Win64  x64  rv:122.0) Gecko/20100101 Firefox/122.0
16:58:48;http://localhost/dokumentation;/;'127.0.0.1;Mozilla/5.0 (Windows NT 10.0  Win64  x64  rv:122.0) Gecko/20100101 Firefox/122.0
17:08:18;http://localhost/dokumentation;/;'127.0.0.1;Mozilla/5.0 (Windows NT 10.0  Win64  x64  rv:122.0) Gecko/20100101 Firefox/122.0
17:11:34;http://localhost/;/dokumentation;'127.0.0.1;Mozilla/5.0 (Windows NT 10.0  Win64  x64  rv:122.0) Gecko/20100101 Firefox/122.0
17:12:01;http://localhost/;/dokumentation;'127.0.0.1;Mozilla/5.0 (Windows NT 10.0  Win64  x64  rv:122.0) Gecko/20100101 Firefox/122.0
17:12:22;http://localhost/;/dokumentation;'127.0.0.1;Mozilla/5.0 (Windows NT 10.0  Win64  x64  rv:122.0) Gecko/20100101 Firefox/122.0
17:12:38;http://localhost/;/dokumentation;'127.0.0.1;Mozilla/5.0 (Windows NT 10.0  Win64  x64  rv:122.0) Gecko/20100101 Firefox/122.0
17:13:31;http://localhost/;/dokumentation;'127.0.0.1;Mozilla/5.0 (Windows NT 10.0  Win64  x64  rv:122.0) Gecko/20100101 Firefox/122.0
17:13:47;http://localhost/;/dokumentation;'127.0.0.1;Mozilla/5.0 (Windows NT 10.0  Win64  x64  rv:122.0) Gecko/20100101 Firefox/122.0
17:14:52;http://localhost/;/dokumentation;'127.0.0.1;Mozilla/5.0 (Windows NT 10.0  Win64  x64  rv:122.0) Gecko/20100101 Firefox/122.0
17:15:00;http://localhost/dokumentation;/dokumentation/flightcms-category-controller;'127.0.0.1;Mozilla/5.0 (Windows NT 10.0  Win64  x64  rv:122.0) Gecko/20100101 Firefox/122.0
17:15:43;http://localhost/;/dokumentation;'127.0.0.1;Mozilla/5.0 (Windows NT 10.0  Win64  x64  rv:122.0) Gecko/20100101 Firefox/122.0
17:16:06;http://localhost/;/dokumentation;'127.0.0.1;Mozilla/5.0 (Windows NT 10.0  Win64  x64  rv:122.0) Gecko/20100101 Firefox/122.0
17:18:32;http://localhost/;/dokumentation;'127.0.0.1;Mozilla/5.0 (Windows NT 10.0  Win64  x64  rv:122.0) Gecko/20100101 Firefox/122.0
17:19:16;http://localhost/;/dokumentation;'127.0.0.1;Mozilla/5.0 (Windows NT 10.0  Win64  x64  rv:122.0) Gecko/20100101 Firefox/122.0
17:20:48;http://localhost/;/dokumentation;'127.0.0.1;Mozilla/5.0 (Windows NT 10.0  Win64  x64  rv:122.0) Gecko/20100101 Firefox/122.0
17:47:47;http://localhost/;/dokumentation;'127.0.0.1;Mozilla/5.0 (Windows NT 10.0  Win64  x64  rv:122.0) Gecko/20100101 Firefox/122.0
17:47:48;http://localhost/;/dokumentation;'127.0.0.1;Mozilla/5.0 (Windows NT 10.0  Win64  x64  rv:122.0) Gecko/20100101 Firefox/122.0
17:48:04;http://localhost/;/dokumentation;'127.0.0.1;Mozilla/5.0 (Windows NT 10.0  Win64  x64  rv:122.0) Gecko/20100101 Firefox/122.0
17:48:21;http://localhost/;/dokumentation;'127.0.0.1;Mozilla/5.0 (Windows NT 10.0  Win64  x64  rv:122.0) Gecko/20100101 Firefox/122.0
18:15:55;http://localhost/;/dokumentation;'127.0.0.1;Mozilla/5.0 (Windows NT 10.0  Win64  x64  rv:122.0) Gecko/20100101 Firefox/122.0
18:18:39;http://localhost/;/dokumentation;'127.0.0.1;Mozilla/5.0 (Windows NT 10.0  Win64  x64  rv:122.0) Gecko/20100101 Firefox/122.0
18:18:58;http://localhost/;/dokumentation;'127.0.0.1;Mozilla/5.0 (Windows NT 10.0  Win64  x64  rv:122.0) Gecko/20100101 Firefox/122.0
18:22:07;http://localhost/;/dokumentation;'127.0.0.1;Mozilla/5.0 (Windows NT 10.0  Win64  x64  rv:122.0) Gecko/20100101 Firefox/122.0
18:22:38;http://localhost/;/dokumentation;'127.0.0.1;Mozilla/5.0 (Windows NT 10.0  Win64  x64  rv:122.0) Gecko/20100101 Firefox/122.0
18:23:08;http://localhost/;/dokumentation;'127.0.0.1;Mozilla/5.0 (Windows NT 10.0  Win64  x64  rv:122.0) Gecko/20100101 Firefox/122.0
18:23:29;http://localhost/;/dokumentation;'127.0.0.1;Mozilla/5.0 (Windows NT 10.0  Win64  x64  rv:122.0) Gecko/20100101 Firefox/122.0
18:25:48;http://localhost/;/dokumentation;'127.0.0.1;Mozilla/5.0 (Windows NT 10.0  Win64  x64  rv:122.0) Gecko/20100101 Firefox/122.0
18:25:58;http://localhost/dokumentation;/dokumentation/flightcms-home-controller;'127.0.0.1;Mozilla/5.0 (Windows NT 10.0  Win64  x64  rv:122.0) Gecko/20100101 Firefox/122.0
18:26:03;http://localhost/dokumentation/flightcms-home-controller;/;'127.0.0.1;Mozilla/5.0 (Windows NT 10.0  Win64  x64  rv:122.0) Gecko/20100101 Firefox/122.0
18:27:59;http://localhost/dokumentation/flightcms-home-controller;/;'127.0.0.1;Mozilla/5.0 (Windows NT 10.0  Win64  x64  rv:122.0) Gecko/20100101 Firefox/122.0
18:28:03;http://localhost/;/dokumentation;'127.0.0.1;Mozilla/5.0 (Windows NT 10.0  Win64  x64  rv:122.0) Gecko/20100101 Firefox/122.0
18:28:28;http://localhost/;/dokumentation;'127.0.0.1;Mozilla/5.0 (Windows NT 10.0  Win64  x64  rv:122.0) Gecko/20100101 Firefox/122.0
18:29:07;http://localhost/;/dokumentation;'127.0.0.1;Mozilla/5.0 (Windows NT 10.0  Win64  x64  rv:122.0) Gecko/20100101 Firefox/122.0
18:29:44;http://localhost/;/dokumentation;'127.0.0.1;Mozilla/5.0 (Windows NT 10.0  Win64  x64  rv:122.0) Gecko/20100101 Firefox/122.0
18:30:19;http://localhost/;/dokumentation;'127.0.0.1;Mozilla/5.0 (Windows NT 10.0  Win64  x64  rv:122.0) Gecko/20100101 Firefox/122.0
18:33:11;http://localhost/;/dokumentation;'127.0.0.1;Mozilla/5.0 (Windows NT 10.0  Win64  x64  rv:122.0) Gecko/20100101 Firefox/122.0
18:33:12;http://localhost/;/dokumentation;'127.0.0.1;Mozilla/5.0 (Windows NT 10.0  Win64  x64  rv:122.0) Gecko/20100101 Firefox/122.0
18:33:15;http://localhost/dokumentation;/dokumentation/flightcms-beitraege-sortieren;'127.0.0.1;Mozilla/5.0 (Windows NT 10.0  Win64  x64  rv:122.0) Gecko/20100101 Firefox/122.0
18:33:18;http://localhost/dokumentation/flightcms-beitraege-sortieren;/dokumentation/flightcms-htaccess-bot-sperre;'127.0.0.1;Mozilla/5.0 (Windows NT 10.0  Win64  x64  rv:122.0) Gecko/20100101 Firefox/122.0
18:33:20;http://localhost/dokumentation/flightcms-htaccess-bot-sperre;/dokumentation/flightcms-category-controller;'127.0.0.1;Mozilla/5.0 (Windows NT 10.0  Win64  x64  rv:122.0) Gecko/20100101 Firefox/122.0
18:33:45;http://localhost/;/dokumentation;'127.0.0.1;Mozilla/5.0 (Windows NT 10.0  Win64  x64  rv:122.0) Gecko/20100101 Firefox/122.0
18:33:48;http://localhost/dokumentation;/dokumentation/flightcms-htaccess-bot-sperre;'127.0.0.1;Mozilla/5.0 (Windows NT 10.0  Win64  x64  rv:122.0) Gecko/20100101 Firefox/122.0
18:34:33;http://localhost/dokumentation;/dokumentation/flightcms-htaccess-bot-sperre;'127.0.0.1;Mozilla/5.0 (Windows NT 10.0  Win64  x64  rv:122.0) Gecko/20100101 Firefox/122.0
18:34:35;http://localhost/dokumentation;/dokumentation/flightcms-htaccess-bot-sperre;'127.0.0.1;Mozilla/5.0 (Windows NT 10.0  Win64  x64  rv:122.0) Gecko/20100101 Firefox/122.0
18:34:45;http://localhost/dokumentation;/dokumentation/flightcms-htaccess-bot-sperre;'127.0.0.1;Mozilla/5.0 (Windows NT 10.0  Win64  x64  rv:122.0) Gecko/20100101 Firefox/122.0
18:34:58;http://localhost/dokumentation;/dokumentation/flightcms-htaccess-bot-sperre;'127.0.0.1;Mozilla/5.0 (Windows NT 10.0  Win64  x64  rv:122.0) Gecko/20100101 Firefox/122.0
18:35:00;http://localhost/dokumentation/flightcms-htaccess-bot-sperre;/;'127.0.0.1;Mozilla/5.0 (Windows NT 10.0  Win64  x64  rv:122.0) Gecko/20100101 Firefox/122.0
18:35:02;http://localhost/;/dokumentation;'127.0.0.1;Mozilla/5.0 (Windows NT 10.0  Win64  x64  rv:122.0) Gecko/20100101 Firefox/122.0
18:35:03;http://localhost/dokumentation;/dokumentation/flightcms-beitraege-sortieren;'127.0.0.1;Mozilla/5.0 (Windows NT 10.0  Win64  x64  rv:122.0) Gecko/20100101 Firefox/122.0
18:35:07;http://localhost/dokumentation/flightcms-beitraege-sortieren;/dokumentation/flightcms-category-controller;'127.0.0.1;Mozilla/5.0 (Windows NT 10.0  Win64  x64  rv:122.0) Gecko/20100101 Firefox/122.0
18:35:08;http://localhost/dokumentation/flightcms-category-controller;/dokumentation/flightcms-htaccess-bot-sperre;'127.0.0.1;Mozilla/5.0 (Windows NT 10.0  Win64  x64  rv:122.0) Gecko/20100101 Firefox/122.0
18:44:12;http://localhost/dokumentation;/;'127.0.0.1;Mozilla/5.0 (Windows NT 10.0  Win64  x64  rv:122.0) Gecko/20100101 Firefox/122.0
19:55:43;http://localhost/automad/beitrags-sortierung-in-automad-cms-auf-oder-absteigend;/;'127.0.0.1;Mozilla/5.0 (Windows NT 10.0  Win64  x64  rv:122.0) Gecko/20100101 Firefox/122.0
19:55:46;http://localhost/;/plugins;'127.0.0.1;Mozilla/5.0 (Windows NT 10.0  Win64  x64  rv:122.0) Gecko/20100101 Firefox/122.0
19:56:35;http://localhost/;/plugins;'127.0.0.1;Mozilla/5.0 (Windows NT 10.0  Win64  x64  rv:122.0) Gecko/20100101 Firefox/122.0
19:56:46;http://localhost/;/plugins;'127.0.0.1;Mozilla/5.0 (Windows NT 10.0  Win64  x64  rv:122.0) Gecko/20100101 Firefox/122.0
19:56:46;http://localhost/;/plugins;'127.0.0.1;Mozilla/5.0 (Windows NT 10.0  Win64  x64  rv:122.0) Gecko/20100101 Firefox/122.0
19:57:14;http://localhost/;/plugins;'127.0.0.1;Mozilla/5.0 (Windows NT 10.0  Win64  x64  rv:122.0) Gecko/20100101 Firefox/122.0
19:57:15;http://localhost/;/plugins;'127.0.0.1;Mozilla/5.0 (Windows NT 10.0  Win64  x64  rv:122.0) Gecko/20100101 Firefox/122.0
19:57:32;http://localhost/;/plugins;'127.0.0.1;Mozilla/5.0 (Windows NT 10.0  Win64  x64  rv:122.0) Gecko/20100101 Firefox/122.0
19:57:41;http://localhost/;/plugins;'127.0.0.1;Mozilla/5.0 (Windows NT 10.0  Win64  x64  rv:122.0) Gecko/20100101 Firefox/122.0
19:57:42;http://localhost/;/plugins;'127.0.0.1;Mozilla/5.0 (Windows NT 10.0  Win64  x64  rv:122.0) Gecko/20100101 Firefox/122.0
19:58:46;http://localhost/;/plugins;'127.0.0.1;Mozilla/5.0 (Windows NT 10.0  Win64  x64  rv:122.0) Gecko/20100101 Firefox/122.0
